{
	"formatVersion": 2,
	"appVersion": "0.100.0",
	"files": [
		{
			"isClone": false,
			"noteId": "oLhehd5Icxh0",
			"notePath": [
				"oLhehd5Icxh0"
			],
			"title": "VideoEmbedButton",
			"notePosition": 100,
			"prefix": null,
			"isExpanded": false,
			"type": "code",
			"mime": "application/javascript;env=frontend",
			"attributes": [
				{
					"type": "label",
					"name": "widget",
					"value": "",
					"isInheritable": false,
					"position": 10
				}
			],
			"dataFileName": "VideoEmbedButton.js",
			"attachments": []
		},
		{
			"noImport": true,
			"dataFileName": "navigation.html"
		},
		{
			"noImport": true,
			"dataFileName": "index.html"
		},
		{
			"noImport": true,
			"dataFileName": "style.css"
		}
	]
}